name,url,username,password
m.192.com,https://m.192.com/orp/registration/property-report,Mayuree,AQmGzb4rUEBJDuZ
20cogs.co.uk,https://20cogs.co.uk/login,mloonrach@gmail.com,K4Gqd5z.D8X8u6D
www.aaaa.org,https://www.aaaa.org/accounts/,,XJT!Lw8Rjag5ap
www.aaaa.org,https://www.aaaa.org/log-in/,Mloonrach@gmail.com ,vbA@g#Swszj6$J
,android://75vQaRu-75Zn3l2XHNUVH3G_8siuwCiNLrt5jQnoGUDHwX-Nj439R-Xw_a1LBgdXhB-eKEvTQUekwNDZDg9bBQ==@com.adguard.android/,mloonrach@gmail.com,IV6alC3$XebWS$S
auth.adguard.com,https://auth.adguard.com/account/settings.html,,vjBiZthkD2aFt5y
auth.adguard.com,https://auth.adguard.com/login.html,mloonrach@gmail.com,UHQW36D8PwvEybH
,android://glxmHSDZdNeByIRksHzhcS-dU-_V87xpoUP6sCB-7_DogFCszou6nqynv6tQuBk9InRYxWYDownh4LVNGGG1WQ==@com.agoda.mobile.consumer/,Mloonrach@gmail.com,nLgYTHJuv6dG7bY
www.agoda.com,https://www.agoda.com/en-us/reset-password.html,mloonrach@gmail.com,nLgYTHJuv6dG7bY
hestia.altruisticidentity.com,https://hestia.altruisticidentity.com/Account/Login,Mayuree loonrach ,h585Ak4jxBU7Ric
www.amazon.co.uk,https://www.amazon.co.uk/,07555774916,Chalinei1980
www.amazon.co.uk,https://www.amazon.co.uk/,mloonrach@outlook.com,Mauy19802523
www.amazon.com,https://www.amazon.com/ap/signin,,VDtN83btxbvjH5D
,android://7fmduHKTdHHrlMvldlEqAIlSfii1tl35bxj1OXN5Ve8c4lU6URVu4xtSHc3BVZxS6WWJnxMDhIfQN0N0K2NDJg==@com.android.chrome/,07555774916,Chalinei1980
,android://7fmduHKTdHHrlMvldlEqAIlSfii1tl35bxj1OXN5Ve8c4lU6URVu4xtSHc3BVZxS6WWJnxMDhIfQN0N0K2NDJg==@com.android.chrome/,mloonrach@gmail.com,nLgYTHJuv6dG7bY
,android://vYywnR6lv4EB5XT6h2z5zicXSaTcW-EA9otDON2moxfbbLayXqVWCCzyYPkSoP03hrKEjMHHTVEVAKGw6pq8gw==@com.anghami/,mloonrach@gmail.com,
,android://YkZCKJXb71lVmACIgJotSVEj1soQEB7xAxCnsmH8ULiwttJNXILq2PpIaBQIVXZUk5QMeO9zfrKjHxHmFrjScg==@com.apple.android.music/,mloonrach1980@icloud.com,Chalinei1980
appleid.apple.com,https://appleid.apple.com/auth/authorize,Melonei1980@icloud.com,Chalinei1980
appleid.apple.com,https://appleid.apple.com/auth/authorize,mloonrach1980@icloud.com,Chalinei1980
idmsa.apple.com,https://idmsa.apple.com/appleauth/auth/authorize/signin,Melonei1980@icloud.com,Chalinei1980
idmsa.apple.com,https://idmsa.apple.com/appleauth/auth/authorize/signin,mloonrach1980@icloud.com,Chalinei1980
iforgot.apple.com,https://iforgot.apple.com/password/verify/appleid,mloonrach1980@icloud.com,Chalinei1980
secure1.store.apple.com,https://secure1.store.apple.com/shop/sign_in,mloonrach1980@icloud.com,Chalinei1980
secure2.store.apple.com,https://secure2.store.apple.com/uk/shop/sign_in,mloonrach1980@icloud.com,Chalinei1980
account.awantage.com,https://account.awantage.com/,mayureeloonrach@gmail.com,Mia2019
ui.awin.com,https://ui.awin.com/publisher-signup/en/awin/step1,mloonrach@gmail.com,xQS-W7?ynu6./$f
,android://-VTnV2KKJb6SCk0g_lSAk1FAt8QLFL5VaabZH3ul9pb0F7gh0VOaHz7Gz42oZkIaywtfXG0cwIn1IN2304BIMQ==@com.bauermedia.kisskube/,Mloonrach@gmail.com,$8ij%@7edPmLYTN
account.bbc.com,https://account.bbc.com/register/details,mloonrach@gmail.com,Wonderme716
www.betfred.com,https://www.betfred.com/inbox,Misty726,Melonei1980
www.bingoport.co.uk,https://www.bingoport.co.uk/,mayureeloonrach1980@gmail.com,G5AUs!wWeEsAmTU
,android://Bw5UhPz0BZ-1yUaqR3HzSfAowOwiMmlTno_Iau64KTNQuqQvmmW9lnvREgmb0PZF2L2pb6Igg3QUgv_GtAMUDg==@com.bitstrips.imoji/,mloonrach@gmail.com,"Hello Mayuree, it's Shobhika from Vodafone Customer Relations Team. I tried to call you today at 18:24 as I need to speak with you to progress your complaint. I'll try and call you again on 22/06/2020. You can also contact us on our complaints portal at https://complaints.vodafone.co.uk/login or call us on 08080 045200. Just to note, so that we can get you to the right team when you call, you'll need to provide your unique reference number 371977."
www.bleepingcomputer.com,https://www.bleepingcomputer.com/forums/index.php,Cuteunicon7,Y66h9MPN6@f4gN3
www.bleepingcomputer.com,https://www.bleepingcomputer.com/forums/index.php,Cuteuniconr7,u7mi@H4#XAQP887
,android://kruaZwYGsiu76TbANLX52LLaQiATTg7QsVJEW6cz1vgYnZX_EOz197ZA6gI2AyAJ50pyP5QXnYDIY-Ct9TvhJw==@com.booking/,mloonrach@gmail.com,
www.boots.com,https://www.boots.com/,Mloonrach@gmail.com,M00nlight80
www.businesswire.com,https://www.businesswire.com/portal/site/home/user-registration,mloonrach@gmail.com ,neTjgGfZLG4_LQ5
www.capterra.com,https://www.capterra.com/sem-compare/network-monitoring-software,mloonrach@gmail.com,knx8YfG5zEx8PUN
dash.cloudflare.com,https://dash.cloudflare.com/sign-up,mloonrach@gmail.com,vaEZ6jWuwC8ibnT@
www.codeproject.com,https://www.codeproject.com/script/Membership/LogOn.aspx,mayureeloonrach1980@gmail.com,8c979fHQ8XXZpBz
,android://IUqwumagVCrdzDit1EJKOP3SSuc9bsAwFKHxyszD3eUfcPLDFfoaNreGY51_Uz4nWHGxFR2o9DzNZCFDjLQRrw==@com.coinbase.android/,Mloonrach@gmail.com,"y?BceXc9+4W,@!E"
,android://IUqwumagVCrdzDit1EJKOP3SSuc9bsAwFKHxyszD3eUfcPLDFfoaNreGY51_Uz4nWHGxFR2o9DzNZCFDjLQRrw==@com.coinbase.android/,mloonrach@gmail.com,Chalinei1980
,android://IUqwumagVCrdzDit1EJKOP3SSuc9bsAwFKHxyszD3eUfcPLDFfoaNreGY51_Uz4nWHGxFR2o9DzNZCFDjLQRrw==@com.coinbase.android/,mloonrach@moonlight.systems,"WuG,$HvD2X-eJ5T"
,android://emmEKIJwWWtv17dBV6CtI4wf5CjDTYyJUEIgx-kxvY22lALSRRJvsB0Vnvt--aXC3LKoALKwkmm6EaypuBgCMg==@com.coinbase.pro/,Mloonrach@gmail.com,"y?BceXc9+4W,@!E"
www.coinbase.com,https://www.coinbase.com/,mloonrach@gmail.com,Chalinei1980
www.coinbase.com,https://www.coinbase.com/password_resets/change,mloonrach@moonlight.systems,"WuG,$HvD2X-eJ5T"
,android://Y0_LVmwsKKmgyEg9jIbMHJw4tLjGHRM6AzxjT9dy_dUjpssmd3SAK48vCuVgvSb7d7pGHHMOlnLs20O8iB87Zg==@superdrug.com.beautycard/,mloonrach@gmail.com,M00nlight80
login.creativecommons.org,https://login.creativecommons.org//login,mayureeloonrach1980@gmail.com,AfZ_kbf!qxRs2A8
auth.crypto.com,https://auth.crypto.com/users/sign_up,mloonrach@gmail.com,Z@+8hJpuhaZ%3y)
,android://oZ5BVRqO492tNSvEeZYGY6QT3vxmPSw1INsr-m4avcqi5TiasRcIH4JOje6uODskgo-JiwAbGnZJC-vXa2xfgQ==@com.customer.weezy/,mloonrach@gmail.com,mayuree12345
,android://pMfwV4kf1SiWI92T3Fs8iaBkOgplDtqSFRhvS-CBQ2FxSamnyUpwioL_3jff2RhNiiOKppA671lErD3EeQGVhQ==@com.dailymotion.dailymotion/,mayureeloonrach1980@gmail.com,https://www.giffgaff.com/data/giffgaff_modern-slavery-statement-2019.pdf
www.dailymotion.com,https://www.dailymotion.com/signin,mayureeloonrach1980@gmail.com,t8gXSqdgsu2JfVF
dashboard.dataarbitration.co.uk,https://dashboard.dataarbitration.co.uk/dashboard/login.php,,nxvEnNL6KZS7y4N
deal-cloud.com,https://deal-cloud.com/account,mloonrach@gmail.com,KV8Za2apNymsiRJ
www.dell.com,https://www.dell.com/Identity/global/LoginOrRegister/af5cba6f-1256-4283-b6ee-e37e77ee0055,mloonrach@gmail.com ,"CL/2uT,?aMSD*F/"
m.dhgate.com,https://m.dhgate.com/product/2017-air-retro-3-x-dj-khaled-grateful-mens/402238896.html,mayureeloonrach1980@gmail.com,d4S9mRCtvDL6ShK
brand.dhgate.com,https://brand.dhgate.com/,mloonrach@gmail.com ,monlight80
secure.dhgate.com,https://secure.dhgate.com/usr/signin.do,mayureeloonrach1980@gmail.com,d4S9mRCtvDL6ShK
www.discountexperts.com,https://www.discountexperts.com/buy/f7k0ajne1/0/1/1/0,mloonrach@gmail.com,NH2jfQvDpA2LDXD
disqus.com,https://disqus.com/,mloonrach@gmail.com,Moonlight1990
www.dovebingo.com,https://www.dovebingo.com/reset-password,Mauy726,Melonei1980
earnings-now.com,https://earnings-now.com/bitcoinrush/lp.php,Mayuree,nPHG3CbgRYsaQig
earnings-now.com,https://earnings-now.com/bitcoinrush/lp.php,mloonrach@gmail.com,d3TcRuQyj832w4d7
www.ebay.co.uk,https://www.ebay.co.uk/signin/scl/connect,mayureloonrac0,M00nligh3726
signin.ebay.co.uk,https://signin.ebay.co.uk/,mayureloonrac0,M00nligh3726
careers.electoralcommission.org.uk,https://careers.electoralcommission.org.uk/templates/electoral_commission/register.aspx,mloonrach@gmail.com,BtwuZZga4!8wjK7
www.elitesingles.co.uk,https://www.elitesingles.co.uk/privacy,mloonrach1980@gmail.com,g2@uJvHfgSigvJ9
dating.elitesingles.co.uk,https://dating.elitesingles.co.uk/mb13t9/669204/,mloonrach1980@gmail.com,uJhMUzC!!BZDr4W
secure.jbs.elsevierhealth.com,https://secure.jbs.elsevierhealth.com/action/showLogin,mloonrach@gmail.com,Melonei1980
www.erosads.com,https://www.erosads.com/my/settings,kKE!zxNvStWB4E!,5GrNx5PFEw!yh5m
www.erosads.com,https://www.erosads.com/auth/sign-up,mayureeloonrach1980@gmail.com,kKE!zxNvStWB4E!
ecas.ec.europa.eu,https://ecas.ec.europa.eu/cas/login,mloonrach@gmail.com,6PChkaHqnZHvi9j
op.europa.eu,https://op.europa.eu/auth/realms/OPPORTAL/protocol/openid-connect/auth,mloonrach@gmail.com,6PChkaHqnZHvi9j
,android://zQxb6hXv1MJiC1Yyotdhi8HP-y7fwPcOLwPOWTwWKpP2VXcbsuIiI4iJ1KV0Dz3LzVsUuKJmYCBIUAxnsPB9FA==@com.facebook.katana/,mloonrach@gmail.com,Chalinei1980 
m.facebook.com,https://m.facebook.com/login.php,mloonrach@gmail.com,Chalinei1980 
fairsharing.org,https://fairsharing.org/accounts/login/,mloonrach@gmail.com,D3QbDNPRWNfXFdn
accounts.firefox.com,https://accounts.firefox.com/complete_reset_password,,#H##Z2&JgVZbX-5
accounts.firefox.com,https://accounts.firefox.com/force_auth,mloonrach@gmail.com,M00nlight80
accounts.firefox.com,https://accounts.firefox.com/,mloonrach@moonlight.systems,Chalinei@72653
streetlink.force.com,https://streetlink.force.com/,mloonrach@gmail.com,Wonderword7
myaccount.foxybingo.com,https://myaccount.foxybingo.com/en/mobileportal/register,mloonrach@gmail.com,3FC2hw*WbPmKv*J
,android://vdGuWh7swJuARsBEEOuMDvKbBeimL4lRQ9QwEebbwhqYIay0HnNawJZhUr3IVfhcsp6BmmHJmLjMoyJg4utDtA==@com.freerange360.mpp.indy/,Mloonrach@gmail.com,https://twitter.com/Acronis?s=20
www.gametwist.com,https://www.gametwist.com/en/info/cookiepolicy/,Mloonrach@gmail.com ,cy-VH9Jzhc33sCF
www.gametwist.com,https://www.gametwist.com/en/registration/,mauy716,cABS2Qr3Er_j:VB
getpocket.com,https://getpocket.com/login,mloonrach@gmail.com,5GkzpBzS7TXz5fH
www.getresponse.com,https://www.getresponse.com/start-free-trial,,S9Hjq6qNiY@EJG3
www.getresponse.com,https://www.getresponse.com/start-free-trial,mloonrach@gmail.com,Lt9gqRvTstzd#Q9
www.gfkmediaview.com,https://www.gfkmediaview.com/registration,mloonrach@gmail.com,y?dbtxT$gE5wMYP
www.giffgaff.com,https://www.giffgaff.com/auth/login,Misty726 ,M00nligh3726
www.giffgaff.com,https://www.giffgaff.com/free-sim-cards,Mlooon55,N#yMg_GPT9W$QQf
www.giffgaff.com,https://www.giffgaff.com/auth/login,mlooon55,N#yMg_GPT9W$QQf
id.giffgaff.com,https://id.giffgaff.com/,mloon55,Moonlight80
,android://7lclR3Ue-DbF_F-7iVQaPE9HKwhLAQi4nW88XGLCRoB1MOw2VHmaVgFrYds5nUnvh7gwO0_Sd01dU8yKr8WFEA==@com.giffgaffmobile.controller/,mloon55,M00nlight80
github.com,https://github.com/session,mayureeloonrach1980@gmail.com,sAdVaidc3pYGvYB
github.com,https://github.com/login,mloonrach@gmail.com,LA38hVyCeZk8atx
sso.godaddy.com,https://sso.godaddy.com/v1/login,mloonrach@gmail.com,M00nlight80
www.gofundme.com,https://www.gofundme.com/sign-up,Mayuree,Sunlight1980#
,android://7fmduHKTdHHrlMvldlEqAIlSfii1tl35bxj1OXN5Ve8c4lU6URVu4xtSHc3BVZxS6WWJnxMDhIfQN0N0K2NDJg==@com.google.android.gm.lite/,mloonrach1980@icloud.com,M00nlight1980
accounts.google.com,https://accounts.google.com/signin/v2/challenge/pwd,mayuree@moonlight.systems,M00nlight80
accounts.google.com,https://accounts.google.com/signin/v2/challenge/pwd,mayureeloonrach1980@gmail.com,M00nlight80
accounts.google.com,https://accounts.google.com/,mayureeloonrach1980@gmail.com,W0nderword7
gsuite.google.com,https://gsuite.google.com/signup/basic/accountandrecaptcha,Mayuree,Mayureeloonrach
myaccount.google.com,https://myaccount.google.com/,mloonrach@gmail.com,TomorrowLand7
,android://YAYyC8jbeiFnC-mGHL56kRD-usOkLmXoqaQYgBJlqapjkFE77UZ1xBZdOawlFiVCWTT0tNlcCOUxK6bjvQVl6Q==@com.grppl.android.shell.CMBlloydsTSB73/,500,M00nlight80
,android://YAYyC8jbeiFnC-mGHL56kRD-usOkLmXoqaQYgBJlqapjkFE77UZ1xBZdOawlFiVCWTT0tNlcCOUxK6bjvQVl6Q==@com.grppl.android.shell.CMBlloydsTSB73/,Mayuree1980,M00nlight80
,android://4NUDdrxNJ3JUGIt1dS1pNSr0vTZ3DSLwuuk95duYQewCw3NgYaPqDTlpkZgTclpgFpGM_1ikdz_GXtqddDR7Lw==@com.heyyogame.gden.samsung/,mloonrach@gmail.com,Melonei1980
www.hsjjobs.com,https://www.hsjjobs.com/resetpassword/604e826e-f111-4193-88e5-6a9df921dd26/,,w3ng4pZqfZ@WUp8
my.ie.edu,https://my.ie.edu/en/applyuni/,mloonrach@gmail.com,te#@#M9ULcieC8y
,android://jL5zD6swQeqGwXNn7Fm13EvtUQ0EY8n_Ao4jD_gd03inxdCpfHImZ9c9-xQGgxCxti173arLl4guXTnsWdXe_A==@com.ig.android.ta/,mayuree72,M00nligh3726
publishers.imonomy.com,http://publishers.imonomy.com/auth/login,mloonrach@gmail.com,4AhKx3mGGxnZect
www.inboxpounds.co.uk,https://www.inboxpounds.co.uk/members/signup/ibp-mobile20/0/0,Mloonrach@gmail.com ,R$i7yHnrgp%?3AV
www.instagram.com,https://www.instagram.com/accounts/login/,mauymayuree,Wonderword7
www.instagram.com,https://www.instagram.com/accounts/password/reset/confirm/,mloonrach@gmail.com,Wonderword7
,android://dkGLaXYrSd_BBpJLH3Jfme6uwvPJbzcr7GCoO2sWevXGJHhRZodCSZTx77Oun8ue7BlWXeA4Kd8pGAHS4igyPA==@com.intuit.qbse/,Mloonrach@gmail.com,MAUY175159a@Me
account.ipvanish.com,https://account.ipvanish.com/password/confirm-reset/c4ec1a3362e4d750352941717d7135851b5b3c71ODQxODc1MA==,,BQu@92_5ugPbP6.
account.ipvanish.com,https://account.ipvanish.com/password/confirm-reset/d1edff521bbe4a333ae85b0c88d2efa42b972a22ODQxODc1MA==,mloonrach@gmail.com,M00nlight80
signup.ipvanish.com,https://signup.ipvanish.com/,,Wh+J4bDDDrhUU%7
www.isaca.org,https://www.isaca.org/create-account,,c2rKNE6Sa%F*J&Q
www.isaca.org,https://www.isaca.org/create-account,mloonrach@gmail.com ,e@$pZ2EbvrGBXVq
identity.isaca.org,https://identity.isaca.org/Account/Login,Mloonrach@gmail.com ,Xc4bEb3s5MPZthQ
accounts.itranslate.com,https://accounts.itranslate.com/login,Mloonrach@gmail.com ,Chalinei1980
,android://o6_FnCGjcJEi-1WdS8evpmqQ_5gEE2X5Rnge6e0x52miIcll7U4xp-IovagKzYeVzYdnClak8e-ZWmECm_66PA==@com.ixolit.ipvanish/,mloonrach@gmail.com,M00nlight80
www.jaakcasino.com,https://www.jaakcasino.com/promotions/ep50/,mayuree ,8saw.9mGXALRxEL
mediation.labcavegames.com,https://mediation.labcavegames.com/login,Mloonrach@gmail.com ,btmxykc2eLDhkna
my.leicester.gov.uk,https://my.leicester.gov.uk/fillform/,mloonrach@gmail.com ,m8e!n*MH4X9qN7w
my.leicester.gov.uk,https://my.leicester.gov.uk/authapi/auth,mloonrach@gmail.com,4G552LRXmTBppuS
www.leovegas.com,https://www.leovegas.com/en-gb/reset-password/466bd25d-2260-43c7-9e78-822d51c42b4c,,Melonei1980
www.leovegas.com,https://www.leovegas.com/en-gb/login,mayureeloonrach@gmail.com,0364
www.lightscamerabingo.com,https://www.lightscamerabingo.com/trophies,Misty726,Melonei1980
,android://pBowWSLvFMHp-Qulwesr2bSrcr9vsiPPhGed3xcXj5ZNJccRGvbP7pPFSqeoQ8NHooDFe29iIWzU_fETWE2UpQ==@com.linkedin.android/,mayureeloonrach1980@gmail.com,M00nlight80
www.linkedin.com,https://www.linkedin.com/uas/login,mayureeloonrach1980@gmail.com,M00nlight80
www.linkedin.com,https://www.linkedin.com/,mloonrach@gmail.com,Moonlight716
account.live.com,https://account.live.com/acsr,,58hN?.A7!kJN.25
account.login.nhs.uk,https://account.login.nhs.uk/,mloonrach@gmail.com,M00nlight80
www.lottogo.com,https://www.lottogo.com/en/campaigns/syndicates/emsynmatchdesposit10nosub/checkout,,.Yk#68XAzBLFW68
www.lottogo.com,https://www.lottogo.com/en/campaigns/syndicates/emsynmatchdesposit10nosub/checkout,Mloonrach@gmail.com ,q.B!!D83NW.KDx#
lottosocial.com,https://lottosocial.com/login/,07555774916,GRyabBxqKz8MQfm
,android://Utx0_j83IutMcdFQ92p0lbz6P95YN8wQYAFdiyeYeNfwUamSfMtjXBaJsmK5FNA8jN-u8Be0m6JuTj1Wdimk6g==@com.madeinchina.b2b.trade/,mloonrach@gmail.com,chalinei1980
login.mailchimp.com,https://login.mailchimp.com/,mayureeloonrach1980@gmail.com,z.NeABn9eQN_ev-
www.makeuk.org,https://www.makeuk.org/,7555774916,Whaymerealy7
shop.mango.com,https://shop.mango.com/mobile/login.faces,mloonrach@gmail.com,/sauk.RcJ3BV
www.mangooutlet.com,https://www.mangooutlet.com/mobile/signup.faces,mloonrach@gmail.com,HVQ8AvFcsL.9
,android://91Pl8Qa8vlN6h0Odajjt4b8SWRrSxk9W6l_z9gO5hKWaK8NAHUOBo9Q_wn883gPhSD0vRONvST5bWmcLPWmG3g==@com.maz.combo655/,mayureeloonrach1980@gmail.com,https://play.google.com/store/apps/details?id=com.maz.combo655
www.mbitcasino.com,https://www.mbitcasino.com/,mloonrach@outlook.com,Chalinei25231980
,android://PFQy0W_Ku9ssh3WDmocsy6cf2sC_2VpClr9v199omKtC1E2SErJmjIMsv8G8C1n9G3kxw47KKimdw4zCKDJUtg==@aculix.meetly.app/,mloonrach@gmail.com,
www.merriam-webster.com,https://www.merriam-webster.com/register,Wonderland7,p@u*SUH&eXkH8_K
m.mixcloud.com,https://m.mixcloud.com/sergio-lastsunlight-lopez/select/,mloonrach@gmail.com ,Chalinei1980
,android://1DDuJ-NojVnbzi3oYL-Xdkdzni9sPuop1-VX7UyzHyssUG0GZv6YETL-Dvse5hfTFwjklnsNhf6ICZ36BWZY6Q==@com.moneysupermarket.phoenix/,Mloonrach@gmail.com,Wonderword@7
www.moneysupermarket.com,https://www.moneysupermarket.com/money-made-easy/coronavirus-and-family-finances/,mloonrach@gmail.com,QEx5uhCAn6AhneE
play.monopolycasino.com,https://play.monopolycasino.com/,misty7,Melonei1980
play.monopolycasino.com,https://play.monopolycasino.com/quick-login,mloonrach@gmail.com,M00nlight80
www.mrspin.co.uk,https://www.mrspin.co.uk/registration-page/,mel75237,zspFRx37fCjd.AR
sailpoint.wd1.myworkdayjobs.com,https://sailpoint.wd1.myworkdayjobs.com/en-US/SailPoint/job/Local-Office-Paris-France/Sales-Engineer_R002305/apply,mloonrach1980@icloud.com ,64PjPj2h4TE!zQf
apply.natwest.com,https://apply.natwest.com/ca/content/index.html,,https://1drv.ms/w/s!AkiG2D6I7cJYw-gw3UPLngVJIqQu4Q
www.netflix.com,https://www.netflix.com/signup/regform,mloonrach@gmail.com,9kTSE7r7DkXsvU4
,android://po8R8dSpY0yvQeDSn1XFLwsNH5zi0GX6AEtSl4q6wElqQWu9v6H56IF9HcIchwoRj-97RHunyw_1akM1iBDt8A==@at.nk.tools.iTranslate/,mloonrach@gmail.com,Chalinei1980
accounts.o2.co.uk,https://accounts.o2.co.uk/,Mloonrach@gmail.com,Uniconrhappyday726
opensource.org,https://opensource.org/user/login,mloonrach@gmail.com,X3x9Xm4VqD5YTUq
academic.oup.com,https://academic.oup.com/sign-in,mloonrach@gmail.com,SwhgG9XpGaivLDJ
www.partycasino.com,https://www.partycasino.com/en/labelhost/login,Misty726,Melonei1980
casino.partycasino.com,https://casino.partycasino.com/en/games/c/jackpotslots,Misty726,Melonei1980
,android://rF2BMtDX6N5uymxwf2Syvpr7kW1gTUHhATVyF8dhrmRE8mvmWQ1KwSOvcxAEnpM52kL_VrS3omH3kq-I6N6SRQ==@com.paypal.android.p2pmobile/,mloonrach1980@icloud.com,Chalinei1980
www.paypal.com,https://www.paypal.com/checkoutnow,mloonrach1980@icloud.com,Chalinei1980
www.paypal.com,https://www.paypal.com/,mloonrach@gmail.com,Chalinei1980
www.paypal.com,https://www.paypal.com/agreements/approve,mloonrach@outlook.com,Alisara1980
www.pensionbee.com,https://www.pensionbee.com/pension-transfer2,mloonrach@gmail.com,QU@nhj7g5bfZJY2
account.planetradio.co.uk,https://account.planetradio.co.uk/account/reset/309313898/74b57f18f6a3c3e4559519629f2d0a0b/b518f927ebc847a258bfccf21148a991/1613986734/,mloonrach@gmail.com,$8ij%@7edPmLYTN
community.plos.org,https://community.plos.org/session/login,mloonrach@gmail.com,Micheal716
www.plus500.com,https://www.plus500.com/Utils/ResetPassword,,Qd7pEQpH6RMtQUf
app.plus500.com,https://app.plus500.com/trade,m,=xScLVd-+s3dH%C
app.plus500.com,https://app.plus500.com/instruments/gbpusd,mloonrach@gmail.com,=xScLVd-+s3dH%C
www.privacyshield.gov,https://www.privacyshield.gov/login,mloonrach@gmail.com,2fh2XAE8ZvUvGcd
producttesting.uk.com,https://producttesting.uk.com/signup,07555774916,dVA@!hN9iVVH825
en.profitrevolution.xyz,https://en.profitrevolution.xyz/,Mloonrach@gmail.com,Chalinei1980
www.rainbowrichescasino.com,https://www.rainbowrichescasino.com/registerstepped,Misty726,Melonei1980
,android://eyUouZ2Rli6CdvUPa5CDbE05pRnnKgTO_1sZYzphSKQNl5UblazsodmPG27EzHRmXkK0fyQQi7ii838O2DNR-Q==@com.readly.client/,mloonrach@gmail.com,Moonlight1980
,android://ZQ55YqxHQIopMmkmSTqM9aEo-Te_3coMxWGFooYH8eEIbzN20y59fh7bnrCiMynmMAvDanWZqFTwouJF2yA1Ng==@com.reddit.frontpage/,MotorOpportunity6,M00nligh3726
www.reddit.com,https://www.reddit.com/login/,MotorOpportunity6,M00nligh3726
accounts.reddit.com,https://accounts.reddit.com/register/,SnooBreakthroughs480,M00nligh3726
www.reed.co.uk,https://www.reed.co.uk/courses/providers/account/signin,mloonrach@gmail.com,5kETVu!nQ7d957P
,android://bBbILPWkr8iy8LJD2kn1qq-tUjMgaJgBjxoFJrjKjirRnSo9Zyo3FYvzvE2OyeD4X8pyu1RoMkDUMMylHcFAOw==@com.remitly.androidapp/,mloonrach@gmail.com,Chalinei1980
www.remitly.com,https://www.remitly.com/gb/en/users/register,,Hjz9y75%X*rCjbZ
rizk.com,https://rizk.com/gb/login,Misty726,M1980
,android://NLJt6FuxSn33HuozWTse_MacYD93MDsRc43OaEqj4s4YYSzxj44lct2t6_E80ZXrHdfTuLWmqqxeOlM2ppE6Lg==@com.royalmail.app.droid/,mloonrach@gmail.com,m19802523
app.safetyculture.com,https://app.safetyculture.com/,Mloonrach@gmail.com,Mayuree25231980
account.samsung.com,https://account.samsung.com/accounts/v1/COMMUNITY/signInGate,mloonrach@gmail.com,E(7yV8FB3<nV<!&
resources.sava.co.uk,https://resources.sava.co.uk/register,mloonrach@gmail.com,4TdUMmKAvj3jmX2
secure.scottishwidows.co.uk,https://secure.scottishwidows.co.uk/show.wpl/839,mloonrach@gmail.com,yHZvaFMJv3CZSrV
,android://M2_AGWi3Y7_JnwzrXrjuTxFUvqZ87gAkEBSmbRFXrgJzxIaB9K9cIcWmmaLH79UOGeVFfmKg9gSHGvSjdQFBQQ==@com.shazam.android/,mloonrach@gmail.com,
sinder24.com,https://sinder24.com/l/25/snaporange/1d-w2/en/,mloonrach1980@gmail.com,Sexy726
slotsempire.com,https://slotsempire.com/,Misty726,Melonei1980
my.account.sony.com,https://my.account.sony.com/central/signin/,,x6NNkw44HCJwiGn
www.spingenie.com,https://www.spingenie.com/login,Misty726,Melonei1980
,android://79xEc7TXh3cNp5rV9kci8i6AYyfPq8BmRomGIiNpLtXCAx3qy5RICnOQLbMJaQ1UNGV_N7sSK1dLpTmEZQ8csg==@com.spotify.music/,21xvpwpe64iw6nxiegwlqdfny,Moonlight726
,android://79xEc7TXh3cNp5rV9kci8i6AYyfPq8BmRomGIiNpLtXCAx3qy5RICnOQLbMJaQ1UNGV_N7sSK1dLpTmEZQ8csg==@com.spotify.music/,Mayuree Loonrach,
accounts.spotify.com,https://accounts.spotify.com/en/login,mloonrach@gmail.com ,Moonlight726
manage.statuspage.io,https://manage.statuspage.io/login,mloonrach1980@icloud.com,M00nlight80
www.streetlink.london,https://www.streetlink.london/_ui/system/security/ChangePassword,,Wonderword7
career5.successfactors.eu,https://career5.successfactors.eu/careers,mloonrach@gmail.com,NMJPx4FxSFaAXg7
ldn.tbe.taleo.net,https://ldn.tbe.taleo.net/ldn02/ats/careers/v2/applyRequisition,mloonrach@gmail.com,nvMh56LfM93GuiU
www.tapresearch.com,https://www.tapresearch.com/customers/sign_up,mloonrach@gmail.com,t5JAYfdDn4cm.wU
auth.telegraph.co.uk,https://auth.telegraph.co.uk/sam-ui/resetpassword.htm,,Moonlight1980
,android://_AvWlF8XuFM042ful_Iu2NrAhk5w_sEfRnY95IKwIWpdhBqGbhOTzkTECiL5sW1AOxYPGfhmXv46OAxsflhPSg==@com.tesco.payqwiq/,mloonrach@gmail.com,M00nlight80
secure.tesco.com,https://secure.tesco.com/account/en-GB/reset-password,,jLdvTVUCU3EbeW8
,android://ihehJAG_o6m741nrXz7KwotZ14-peOvqxRXRZTjye5nRb8sxZHpJjv7UHgGXQBo25OgcgkZwE15NhCv_0Quosg==@uk.gov.tfl.oystercontactless/,mayureeloonrach1980@gmail.com,M00nlight80
accounts.theatlantic.com,https://accounts.theatlantic.com/register/,mloonrach@gmail.com,nrKbvdAn7JL8#d&
www.thephonecasino.com,https://www.thephonecasino.com/,07555774916,4916
www.thetimes.co.uk,https://www.thetimes.co.uk/checkout,mloonrach@gmail.com,q*&R_QztM2F5QPT
www.thevoiceboxcommunity.com,https://www.thevoiceboxcommunity.com/hub,,Unicorn@7
id.tinypass.com,https://id.tinypass.com/id/,mloonrach@moonlight.systems ,MYXx4QWqjaRpz3ab
,android://pQGqQlOwKw7WlOckJHhbx3EX98XE4eIvV_ABDQmfnlxy1TB1SvJPoR1WRRhuZW3UBEKYn8NVagCZE2UkisGDDw==@com.topps.force/,mloonrach1980@icloud.com,Melonei1980
trade8.to,https://trade8.to/signup,mloonrach@gmail.com ,Melonei1980
,android://jKwjPIEpZYgRnUO5QTSnsfV5c7q1ZUhwN7zwZo1Kwre6veZmm4XYTn5Gt_8p-X5eAljquacimfWE_3F8kG50Pw==@com.transfergo.android/,Mloonrach@gmail.com,Chalinei1980
,android://8GfXAzeljEr99hdsrYrtZLl6nDciSEs9zWl1N6bkQkzjdOVUyIssaKMx_QwdJMWJx0u1JkO2x_mGMmXBLGfi_Q==@com.transferwise.android/,mloonrach@outlook.com,cY!TRcG9$mNvTas
transferwise.com,https://transferwise.com/register/,mloonrach@gmail.com,wfMCS6sFpt94HMD
,android://2S2AVDtVBrUfxRaWYUMU_MUuIH5hlwqJ5WK0nX9CDdIW3i0zSflVSUda95vxpHbiZeMhtbaqj9z_mxPk7lKFZA==@com.tripadvisor.tripadvisor/,mloonrach@gmail.com,
uk.trustpilot.com,https://uk.trustpilot.com/,Mayuree Loonrach,
,android://dKranQB7c5H2WKHJF5rygyRh5-vrf7ZVODNX_XoJgJ5YncxgwK7vbH1kZrYCLmv68MEawe5nFA-sfKQk9mrbFQ==@tv.twitch.android.app/,misty716,Misty1980352472
www.twitch.tv,https://www.twitch.tv/login,misty716,Misty1980352472
dashboard.twitch.tv,https://dashboard.twitch.tv/extensions/ih4ptg04wzw6nf4qms0612b8uj0tbh-2.4.2,mloonrach@gmail.com,3yHDvGa4y98RbJL
,android://u0A-O7Ivuokjnqmf1ciagyiwkxqsLSrXA9ZzyIb4yGEVu5tPRfhJbn8REHGmDAUkUCGf71TqwUcwSfwFObRssA==@com.twitter.android/,@melounicorn7,Wonderword7
admin.typeform.com,https://admin.typeform.com/signup,mloonrach@moonlight.systems,*L4jSHc(@5THpZQ
my.unchained-capital.com,https://my.unchained-capital.com/login,mloonrach@gmail.com,Wonderme7
www.universal-credit.service.gov.uk,https://www.universal-credit.service.gov.uk/sign-in,mloonrach,Wonderword7
id.virginmedia.com,https://id.virginmedia.com/,Peterldye@hotmail.com,newBMWM5
complaints.vodafone.co.uk,https://complaints.vodafone.co.uk/servlet/auth.Login;jsessionid=E1917E6707D38C483A812DCE2C1679CF,mloonrach@gmail.com,aQ6mDnwt625Jnf4
www.webador.co.uk,https://www.webador.co.uk/,mloonrach@gmail.com,M00nlight726
comps.whatsontv.co.uk,https://comps.whatsontv.co.uk/competition/iTUNES_giftcard_250_whatsontv.php,mloonrach@gmail.com,UtV9gZZ5axwLu9M
join.which.co.uk,https://join.which.co.uk/join/next/4d163a45f3fe6c16bccd838d76811ed1,mloonrach@gmail.com,sY76dDBy!Q7s+V4
,android://xOibiXsx2hV7N1-XyBNFTB9n1FDfFgDZ3MUt7ufcS1Qp6a9iCbVKbLHUSmzmDMz-MjwrZgJLo19vcGXcn8fgNA==@org.wikipedia/,Mayuree loonrach,Wonderword7
,android://xOibiXsx2hV7N1-XyBNFTB9n1FDfFgDZ3MUt7ufcS1Qp6a9iCbVKbLHUSmzmDMz-MjwrZgJLo19vcGXcn8fgNA==@org.wikipedia/,mayuree ,mxXxh4m@@G!516D
en.m.wikipedia.org,https://en.m.wikipedia.org/w/index.php,,Wonderword7
en.m.wikipedia.org,https://en.m.wikipedia.org/w/index.php,Mloonrach@gmail.com ,diwP9yhecK9tvkS
,android://sLwugXWiejS4Xy5avAHeM_4BhfRVG-1X-Gko5ERSDiSa-4DMRrReYYoRJJB6t-GrqWeIxjC5mPBvaVjda1PtSg==@com.winrgames.solitaire/,mloonrach@gmail.com,Moonligh3726
casino.winstar.com,https://casino.winstar.com/cl9vglkfujdw-znelycdibya5/wsLogon.do,Misty726,Melonei1980
www.wizardslots.com,https://www.wizardslots.com/register,Mauy726,M.7kCE7qywY5.3b
www.wizardslots.com,https://www.wizardslots.com/,Mauymuay,M.7kCE7qywY5.3b
worldmarkets.com,https://worldmarkets.com/AI-PAMM/accounts/registration,mloonrach@gmail.com,7RtEy@CgUSC62XK
www.worldremit.com,https://www.worldremit.com/en/account/reset-password,,et5YY/F$B.7Lq_Q
www.wunderground.com,https://www.wunderground.com/login,mayureeloonrach1980@gmail.com,u9cS66vpktrj6Fu
www.zdnet.com,https://www.zdnet.com/members/reset-password/,,M00nlight80
bolt.zendesk.com,https://bolt.zendesk.com/auth/v2/login/signin,mayureeloonrach1980@gmail.com,cyCieVL4huETshW
encrypted.zendesk.com,https://encrypted.zendesk.com/auth/v2/login/signin,mayureeloonrach1980@gmail.com,cyCi
merchbar.zendesk.com,https://merchbar.zendesk.com/auth/v2/login/signin,mayureeloonrach1980@gmail.com,cyCi
microsoftcasualgames.zendesk.com,https://microsoftcasualgames.zendesk.com/auth/v2/login/signin,mloonrach@outlook.com,c
mistplayhelp.zendesk.com,https://mistplayhelp.zendesk.com/auth/v2/login/signin,mayureeloonrach1980@gmail.com,cyCi
mixcloud.zendesk.com,https://mixcloud.zendesk.com/auth/v2/login/signin,mayureeloonrach1980@gmail.com,cyCi
,android://hNWTCKAVo4svQvOTK1l5ougP0LaKl860YVXdgxk3t4PRaDW4vTIlfe7aH9FowEXDgX14Fg0a-ZYXF_p6fNV6qw==@com.zynga.livepoker/,Mloonrach@gmail.com,moonlight19i0
